{"ailerons": {"RF": 7.708951950073242, "NN": 62.68070101737976, "DT": 8.771769523620605, "SVM": 7.667475700378418}, "banknote-authentication": {"RF": 6.783411741256714, "NN": 26.716898679733276, "DT": 6.756716728210449, "SVM": 6.691119194030762}, "cmc": {"RF": 6.911585092544556, "NN": 31.721388339996338, "DT": 6.777753829956055, "SVM": 6.714137077331543}, "delta-ailerons": {"RF": 7.015566349029541, "NN": 51.93295621871948, "DT": 6.874581575393677, "SVM": 6.877769947052002}, "_dis": {"RF": 7.045092582702637, "NN": 31.923945665359497, "DT": 6.952092170715332, "SVM": 6.881311416625977}, "fri-c0-1000-50": {"RF": 7.0315423011779785, "NN": 21.860573291778564, "DT": 7.619120121002197, "SVM": 6.822510004043579}, "GAMETES-Epistasis-2-Way-20atts-0.4H-EDM-1-1-RF": {"RF": 6.988659143447876, "NN": 26.74830675125122, "DT": 6.786215305328369, "SVM": 6.759492874145508}, "GAMETES-Epistasis-3-Way-20atts-0.2H-EDM-1-1-NN": {"RF": 6.985499143600464, "NN": 26.760496616363525, "DT": 6.801728248596191, "SVM": 6.755895614624023}, "hypothyroid": {"RF": 7.127323865890503, "NN": 26.987793922424316, "DT": 7.327440500259399, "SVM": 6.966892957687378}, "ipums-la-99-small": {"RF": 7.755379915237427, "NN": 37.79831552505493, "DT": 9.719910621643066, "SVM": 7.5915727615356445}, "SEA-50000": {"RF": 139.36358213424683, "NN": 248.9823501110077, "DT": 49.962106466293335, "SVM": 25.228272914886475}, "letter": {"RF": 7.446043968200684, "NN": 27.292091131210327, "DT": 8.122904539108276, "SVM": 7.399768829345703}, "mc1": {"RF": 7.290847539901733, "NN": 32.28811526298523, "DT": 7.865143060684204, "SVM": 7.296928405761719}, "MiniBooNE": {"RF": 88.2739930152893, "NN": 128.63813948631287, "DT": 300.8572437763214, "SVM": 43.52685070037842}, "mofn-3-7-10": {"RF": 6.785521745681763, "NN": 11.68732500076294, "DT": 6.769211053848267, "SVM": 6.725417375564575}, "musk": {"RF": 8.379956007003784, "NN": 43.60574531555176, "DT": 12.085012674331665, "SVM": 8.383726596832275}, "mv": {"RF": 8.096061706542969, "NN": 68.07792782783508, "DT": 13.847106456756592, "SVM": 8.059700727462769}, "MyIris": {"RF": 6.754457473754883, "NN": 26.678478002548218, "DT": 6.732171297073364, "SVM": 6.680677175521851}, "nomao": {"RF": 18.31274437904358, "NN": 118.18331336975098, "DT": 41.65042042732239, "SVM": 13.060710906982422}, "nursery": {"RF": 7.0904541015625, "NN": 12.123161315917969, "DT": 7.1121368408203125, "SVM": 7.162792682647705}, "adult": {"RF": 13.914757013320923, "NN": 49.18553853034973, "DT": 11.07281494140625, "SVM": 8.638617277145386}, "sick": {"RF": 7.035525321960449, "NN": 22.023611545562744, "DT": 7.325620174407959, "SVM": 6.964199542999268}, "Speech": {"RF": 9.345428228378296, "NN": 24.295812129974365, "DT": 19.659568548202515, "SVM": 9.272287130355835}, "SpeedDating": {"RF": 8.493721961975098, "NN": 74.12503266334534, "DT": 12.196940183639526, "SVM": 8.474285364151001}}
